{"Validation F1 Score": 0.4458543160436128, "_timestamp": 1682448863.4486716, "_runtime": 34.622989654541016, "_step": 1}