{"Validation F1 Score": 0.5596497199393411, "_timestamp": 1682448628.092634, "_runtime": 199.8940269947052, "_step": 9, "_wandb": {"runtime": 199}}